model_name,fn,fp,tn,tp,accuracy,precision,recall_sensitivity,specificity,f1_score,roc_auc,training_time_sec
DenseNet201,49,46,79,64,0.6008403361344538,0.5818181818181818,0.5663716814159292,0.632,0.5739910313901345,0.6615929203539823,3685.238397359848
VGG16,58,30,95,55,0.6302521008403361,0.6470588235294118,0.48672566371681414,0.76,0.5555555555555556,0.6576283185840708,5364.146183490753
VGG19,56,32,93,57,0.6302521008403361,0.6404494382022472,0.504424778761062,0.744,0.5643564356435643,0.6539469026548673,6630.911915302277
DenseNet121,42,55,70,71,0.592436974789916,0.5634920634920635,0.6283185840707964,0.56,0.5941422594142259,0.6392212389380532,1835.885733127594
ResNet50V2,83,12,113,30,0.6008403361344538,0.7142857142857143,0.26548672566371684,0.904,0.3870967741935484,0.6353982300884955,1695.419098854065
MobileNetV2,75,23,102,38,0.5882352941176471,0.6229508196721312,0.336283185840708,0.816,0.4367816091954023,0.6041769911504424,633.936726808548
EfficientNetB0,60,45,80,53,0.5588235294117647,0.5408163265306123,0.4690265486725664,0.64,0.5023696682464455,0.5975929203539824,982.4068167209625
InceptionV3,63,43,82,50,0.5546218487394958,0.5376344086021505,0.4424778761061947,0.656,0.4854368932038835,0.5964601769911504,1182.3723163604736
Xception,60,42,83,53,0.5714285714285714,0.5578947368421052,0.4690265486725664,0.664,0.5096153846153846,0.5953274336283185,2104.150180578232
